{"cameraMode":{"drawMode":0,"name":"Shaded","section":"Shading Mode"},"sceneLighting":false,"audioPlay":false,"sceneViewState":{"showFog":true,"showMaterialUpdate":false,"showSkybox":true,"showFlares":true,"showImageEffects":true,"showParticleSystems":true},"in2DMode":false,"pivot":{"x":11.600625038146973,"y":13.64220142364502,"z":-2.27066969871521},"rotation":{"x":0.33950257301330569,"y":-0.5406268239021301,"z":0.2524159848690033,"w":0.7271497845649719},"size":6.103309154510498,"orthographic":false}