{"cameraMode":{"drawMode":0,"name":"Shaded","section":"Shading Mode"},"sceneLighting":false,"audioPlay":false,"sceneViewState":{"showFog":true,"showMaterialUpdate":false,"showSkybox":true,"showFlares":true,"showImageEffects":true,"showParticleSystems":true},"in2DMode":false,"pivot":{"x":2.0073490142822267,"y":0.3335428237915039,"z":6.898855209350586},"rotation":{"x":0.10109517723321915,"y":-0.31573590636253359,"z":0.03385461866855621,"w":0.9428386092185974},"size":18.438323974609376,"orthographic":false}